x,y
0.55625,0.15
0.5875,0.0875
0.85,0.56875
0.9125,0.375
0.9125,0.26875
0.80625,0.575
0.4375,0.15
0.03125,0.4
0.825,0.69375
0.46875,0.8875
0.60625,0.01875
0.84375,0.14375
0.7,0.925
0.7,0.81875
0.1875,0.725
0.4,0.2
0.5375,0.01875
0.15,0.49375
0.18125,0.8375
0.5375,0.025
0.35,0.84375
0.125,0.41875
0.00625,0.55625
0.78125,0.1875
0.2375,0.69375
0.9875,0.58125
0.825,0.28125
0.2625,0.14375
0.4625,0.81875
0.75625,0.81875
0.04375,0.61875
0.16875,0.6375
0.0625,0.35625
0.2875,0.91875
0.7125,0.88125
0.10625,0.7625
0.925,0.45
0.0875,0.63125
0.1125,0.6125
0.21875,0.9
0.38125,0.9625
0.8,0.73125
0.6125,0.81875
0.8125,0.16875
0.45625,0.125
0.725,0.78125
0.41875,0.9875
0.90625,0.58125
0.90625,0.44375
0.9125,0.44375
0.55625,0.0375
0.5125,0.16875
0.1375,0.3
0.20625,0.28125
0.5375,0.04375
0.44375,0.84375
0.13125,0.4375
0.36875,0.13125
0.5375,0.0875
0.46875,0.8125
0.19375,0.125
0.81875,0.54375
0.85,0.83125
0.1125,0.56875
0.7375,0.74375
0.49375,0.175
0.9,0.7375
0.45,0.975
0.73125,0.7125
0.75625,0.775
0.18125,0.43125
0.7625,0.71875
0.7125,0.875
0.35625,0.2
0.10625,0.46875
0.5,0.81875
0.45625,0.9
0.725,0.13125
0.34375,0.9
0.43125,0.175
0.93125,0.28125
0.71875,0.0875
0.4125,0.19375
0.44375,0.04375
0.7125,0.19375
0.8625,0.38125
0.14375,0.7
0.85,0.79375
0.875,0.375
0.45,0.95
0.75,0.7
0.2125,0.875
0.11875,0.56875
0.80625,0.75
0.1625,0.43125
0.14375,0.79375
0.76875,0.14375
0.75,0.88125
0.2125,0.1
0.66875,0.80625
0.8375,0.58125
0.1625,0.3875
0.74375,0.90625
0.4,0.85
0.29375,0.1375
0.2,0.85
0.84375,0.625
0.78125,0.7875
0.21875,0.7375
0.125,0.225
0.975,0.575
0.725,0.25
0.2125,0.725
0.25,0.1375
0.25,0.20625
0.775,0.81875
0.2375,0.675
0.8,0.6875
0.7,0.75625
0.84375,0.70625
0.55,0.00625
0.7375,0.8375
0.65,0.05
0.2375,0.20625
0.26875,0.8375
0.43125,0.85
0.93125,0.4625
0.41875,0.86875
0.3125,0.15
0.25,0.7875
0.2625,0.26875
0.06875,0.275
0.06875,0.55625
0.68125,0.125
0.7,0.06875
0.20625,0.74375
0.54375,0.8625
0.475,0.1
0.33125,0.80625
0.4125,0.05
0.84375,0.45625
0.54375,0.925
0.89375,0.25625
0.05625,0.44375
0.68125,0.09375
0.6125,0.0375
0.0625,0.66875
0.64375,0.10625
0.1,0.7125
0.2,0.2
0.34375,0.09375
0.175,0.525
0.4125,0.96875
0.91875,0.6875
0.93125,0.34375
0.34375,0.825
0.1375,0.1625
0.25625,0.73125
0.29375,0.91875
0.16875,0.26875
0.78125,0.09375
0.9375,0.35625
0.85,0.4125
0.375,0.88125
0.2,0.89375
0.24375,0.7125
0.2125,0.325
0.8125,0.53125
0.9,0.74375
0.09375,0.775
0.98125,0.6125
0.9375,0.5625
0.8875,0.4875
0.475,0.06875
0.8,0.225
0.625,0.03125
0.90625,0.53125
0.88125,0.775
0.35,0.20625
0.94375,0.54375
0.31875,0.1375
0.74375,0.29375
0.44375,0.1125
0.525,0.825
0.80625,0.28125
0.1875,0.68125
0.50625,0.05
0.125,0.68125
0.15,0.46875
0.10625,0.7375
0.30625,0.25
0.125,0.45625
0.61875,0.9125
0.8,0.36875
0.76875,0.31875
0.94375,0.3
0.84375,0.1625
0.93125,0.39375
0.53125,0.01875
0.55625,0.8375
0.475,0.05
0.8125,0.725
0.31875,0.0875
0.1,0.53125
0.7875,0.15625
0.86875,0.49375
0.13125,0.4125
0.55,0.96875
0.33125,0.96875
0.69375,0.15
0.7875,0.1625
0.7125,0.225
0.4625,0.175
0.18125,0.575
0.59375,0.81875
0.875,0.2625
0.16875,0.75625
0.58125,0.10625
0.05625,0.5
0.875,0.20625
0.60625,0.83125
0.56875,0.98125
0.35625,0.86875
0.18125,0.775
0.79375,0.375
0.3,0.06875
0.0625,0.33125
0.425,0.96875
0.5375,0.13125
0.325,0.94375
0.16875,0.35625
0.75625,0.28125
0.65,0.85
0.9125,0.55625
0.44375,0.08125
0.35,0.8125
0.2125,0.68125
0.725,0.94375
0.95625,0.575
0.625,0.05
0.06875,0.28125
0.2875,0.9125
0.41875,0.175
0.175,0.325
0.4375,0.875
0.59375,0.1875
0.1625,0.55625
0.16875,0.46875
0.7,0.0625
0.04375,0.53125
0.7,0.09375
0.86875,0.55
0.60625,0.89375
0.8875,0.225
0.9375,0.3
0.1625,0.775
0.725,0.83125
0.15625,0.3875
0.8,0.2875
0.30625,0.15
0.8875,0.65
0.2375,0.175
0.5625,0.80625
0.05625,0.3125
0.275,0.09375
0.10625,0.4375
0.85625,0.825
0.4,0.825
0.8125,0.575
0.74375,0.20625
0.21875,0.0875
0.19375,0.81875
0.3625,0.8375
0.0375,0.3625
0.85,0.45625
0.6125,0.86875
0.03125,0.53125
0.64375,0.84375
0.33125,0.9125
0.13125,0.79375
0.5,0.99375
0.4375,0.80625
0.15,0.69375
0.06875,0.48125
0.06875,0.49375
0.225,0.10625
0.23125,0.25625
0.14375,0.2125
0.1375,0.58125
0.10625,0.2375
0.70625,0.95
0.24375,0.75625
0.9875,0.54375
0.71875,0.8125
0.79375,0.8875
0.475,0.125
0.6875,0.18125
0.0125,0.51875
0.50625,0.83125
0.4875,0.8875
0.19375,0.61875
0.375,0.0875
0.9375,0.69375
0.81875,0.86875
0.41875,0.9
0.19375,0.3375
0.125,0.65
0.3875,0.8875
0.75625,0.73125
0.3375,0.03125
0.43125,0.8125
0.23125,0.3
0.2125,0.6875
0.925,0.375
0.74375,0.8875
0.93125,0.61875
0.83125,0.5625
0.1,0.725
0.95,0.575
0.35,0.1
0.2,0.4
0.75,0.3
0.33125,0.0875
0.65,0.15
0.475,0.95625
0.625,0.8625
0.73125,0.2
0.3,0.84375
0.875,0.59375
0.075,0.43125
0.6375,0.19375
0.28125,0.2125
0.89375,0.19375
0.46875,0.925
0.5875,0.88125
0.6625,0.925
0.3625,0.09375
0.24375,0.89375
0.73125,0.88125
0.50625,0.89375
0.18125,0.7125
0.39375,0.06875
0.9375,0.45
0.875,0.3875
0.43125,0.0625
0.80625,0.7
0.0625,0.375
0.8,0.1125
0.825,0.35625
0.83125,0.65
0.25,0.8375
0.31875,0.0375
0.46875,0.05625
0.60625,0.15
0.775,0.3375
0.33125,0.225
0.8375,0.66875
0.6625,0.10625
0.50625,0.0375
0.69375,0.86875
0.6625,0.1875
0.75625,0.29375
0.14375,0.30625
0.23125,0.675
0.94375,0.53125
0.30625,0.86875
0.9875,0.55625
0.98125,0.40625
0.89375,0.3875
0.80625,0.8375
0.25,0.3
0.3375,0.1375
0.40625,0.1375
0.05,0.29375
0.14375,0.325
0.7875,0.30625
0.46875,0.85
0.11875,0.5
0.10625,0.475
0.16875,0.55625
0.4375,0.9375
0.55625,0.175
0.25625,0.2
0.18125,0.3875
0.49375,0.08125
0.18125,0.18125
0.91875,0.61875
0.8375,0.81875
0.23125,0.75
0.8125,0.35625
0.625,0.9375
0.0875,0.69375
0.60625,0.86875
0.83125,0.775
0.4,0.975
0.2125,0.33125
0.1,0.2125
0.8625,0.3375
0.6,0.83125
0.925,0.3125
0.06875,0.50625
0.075,0.65625
0.88125,0.39375
0.175,0.2125
0.15,0.29375
0.21875,0.15625
0.73125,0.18125
0.2625,0.775
0.06875,0.4375
0.95,0.3
0.8125,0.2125
0.44375,0.0875
0.5,0.18125
0.725,0.85
0.63125,0.88125
0.4375,0.9875
0.40625,0.9375
0.95,0.64375
0.54375,0.1125
0.10625,0.80625
0.08125,0.5375
0.9,0.51875
0.65,0.8
0.10625,0.3875
0.44375,0.175
0.225,0.78125
0.74375,0.11875
0.925,0.71875
0.50625,0.84375
0.1875,0.85625
0.825,0.4
0.80625,0.7375
0.49375,0.0625
0.275,0.74375
0.05625,0.325
0.05,0.53125
0.81875,0.275
0.38125,0.16875
0.8875,0.53125
0.64375,0.8375
0.35625,0.88125
0.05,0.375
0.8,0.2375
0.15,0.15
0.1625,0.60625
0.03125,0.54375
0.88125,0.6875
0.7875,0.625
0.20625,0.2
0.2625,0.75625
0.3625,0.8625
0.75625,0.24375
0.9375,0.4875
0.86875,0.7625
0.88125,0.34375
0.81875,0.14375
0.6625,0.825
0.7125,0.73125
0.19375,0.88125
0.63125,0.85
0.88125,0.7875
0.525,0.9375
0.825,0.375
0.94375,0.7125
0.91875,0.49375
0.175,0.125
0.025,0.55
0.73125,0.2875
0.2,0.15
0.94375,0.65
0.3875,0.89375
0.2125,0.90625
0.11875,0.40625
0.61875,0.10625
0.3625,0.80625
0.91875,0.7
0.55,0.06875
0.20625,0.3625
0.05,0.6625
0.78125,0.7625
0.76875,0.11875
0.90625,0.525
0.325,0.7875
0.99375,0.575
0.4875,0.1875
0.475,0.1375
0.7125,0.175
0.13125,0.2375
0.33125,0.89375
0.04375,0.5
0.19375,0.76875
0.81875,0.475
0.2375,0.21875
0.675,0.075
0.95625,0.45625
0.20625,0.19375
0.575,0.1125
0.1625,0.13125
0.55,0.9
0.825,0.68125
0.40625,0.8625
0.4375,0.06875
0.225,0.85625
0.10625,0.79375
0.7875,0.2375
0.38125,0.81875
0.275,0.8375
0.85625,0.7
0.84375,0.33125
0.125,0.2375
0.88125,0.45
0.76875,0.125
0.84375,0.8
0.725,0.26875
0.6,0.09375
0.06875,0.5625
0.0375,0.35625
0.49375,0.9
0.84375,0.475
0.3375,0.05625
0.76875,0.8625
0.9125,0.6375
0.1375,0.825
0.9625,0.64375
0.76875,0.7
0.4375,0.0375
0.94375,0.39375
0.44375,0.15
0.34375,0.85625
0.59375,0.8625
0.81875,0.8375
0.1125,0.55625
0.71875,0.275
0.08125,0.76875
0.83125,0.3
0.13125,0.59375
0.29375,0.925
0.90625,0.48125
0.875,0.6375
0.975,0.5
0.35625,0.96875
0.70625,0.09375
0.40625,0.9625
0.675,0.83125
0.63125,0.83125
0.15625,0.85
0.85625,0.78125
0.175,0.59375
0.83125,0.84375
0.63125,0.2125
0.875,0.79375
0.84375,0.3625
0.2625,0.1125
0.85,0.525
0.625,0.1125
0.3875,0.025
0.35625,0.85
0.36875,0.14375
0.75625,0.2125
0.16875,0.61875
0.0875,0.775
0.1875,0.275
0.6125,0.125
0.4125,0.81875
0.1625,0.6375
0.30625,0.2125
0.71875,0.08125
0.55625,0.95625
0.13125,0.78125
0.48125,0.125
0.95,0.6125
0.2375,0.7625
0.71875,0.24375
0.475,0.09375
0.3875,0.95
0.19375,0.775
0.45,0.81875
0.8,0.275
0.69375,0.13125
0.89375,0.21875
0.725,0.11875
0.1625,0.39375
0.78125,0.675
0.0625,0.5875
0.9625,0.56875
0.8,0.6125
0.46875,0.825
0.4125,0.95
0.41875,0.89375
0.61875,0.91875
0.13125,0.75
0.4125,0.14375
0.55,0.0875
0.0375,0.4625
0.69375,0.7875
0.3125,0.0875
0.1625,0.5125
0.0875,0.21875
0.5375,0.0625
0.99375,0.49375
0.19375,0.3125
0.875,0.78125
0.8125,0.20625
0.88125,0.55
0.80625,0.31875
0.15,0.8125
0.89375,0.50625
0.2,0.66875
0.65625,0.8875
0.78125,0.8125
0.1625,0.75625
0.25625,0.3
0.58125,0.98125
0.90625,0.2125
0.16875,0.1875
0.6125,0.8
0.175,0.2875
0.175,0.3625
0.35,0.775
0.78125,0.2125
0.5125,0.99375
0.475,0.9125
0.25625,0.1125
0.16875,0.31875
0.175,0.225
0.28125,0.7375
0.89375,0.2125
0.0625,0.53125
0.81875,0.85625
0.625,0.95625
0.68125,0.2
0.075,0.58125
0.575,0.04375
0.225,0.09375
0.875,0.475
0.71875,0.1125
0.9,0.70625
0.425,0.875
0.94375,0.5375
0.70625,0.1375
0.475,0.13125
0.9375,0.29375
0.30625,0.04375
0.73125,0.8875
0.05,0.525
0.15,0.375
0.8375,0.24375
0.5125,0.96875
0.14375,0.74375
0.33125,0.825
0.46875,0.10625
0.26875,0.875
0.56875,0.875
0.28125,0.88125
0.61875,0.8875
0.475,0.10625
0.7125,0.90625
0.46875,0.8625
0.4625,0.1875
0.8875,0.40625
0.175,0.69375
0.45625,0.93125
0.5375,0.18125
0.56875,0.04375
0.14375,0.1625
0.65,0.95625
0.95625,0.60625
0.04375,0.36875
0.425,0.1875
0.9,0.25625
0.875,0.23125
0.9375,0.36875
0.225,0.6875
0.2625,0.2
0.88125,0.2625
0.34375,0.95
0.90625,0.625
0.21875,0.8375
0.7875,0.71875
0.1625,0.2625
0.16875,0.425
0.30625,0.9375
0.50625,0.9
0.15625,0.45625
0.23125,0.175
0.5125,0.05625
0.76875,0.16875
0.7625,0.15
0.08125,0.48125
0.31875,0.9125
0.0625,0.6625
0.05,0.425
0.125,0.6
0.025,0.48125
0.44375,0.9125
0.0375,0.40625
0.81875,0.80625
0.38125,0.8
0.725,0.9
0.8375,0.20625
0.8625,0.225
0.85,0.68125
0.2125,0.825
0.69375,0.79375
0.24375,0.28125
0.19375,0.6
0.98125,0.53125
0.625,0.19375
0.46875,0.0875
0.39375,0.125
0.2625,0.8
0.30625,0.1875
0.90625,0.24375
0.8875,0.275
0.94375,0.3625
0.5125,0.11875
0.05625,0.46875
0.56875,0.94375
0.1,0.2375
0.425,0.99375
0.8,0.3375
0.43125,0.14375
0.475,0.1125
0.61875,0.04375
0.29375,0.2375
0.625,0.04375
0.85625,0.85
0.64375,0.95625
0.725,0.1625
0.55,0.03125
0.70625,0.85625
0.80625,0.425
0.18125,0.53125
0.61875,0.1375
0.15625,0.14375
0.84375,0.35
0.85,0.6875
0.875,0.6875
0.83125,0.4875
0.9,0.28125
0.34375,0.20625
0.21875,0.9125
0.05,0.33125
0.88125,0.225
0.86875,0.41875
0.3125,0.20625
0.21875,0.79375
0.16875,0.79375
0.86875,0.5375
0.875,0.31875
0.83125,0.58125
0.4,0.86875
0.1125,0.51875
0.0875,0.4
0.725,0.7625
0.31875,0.1625
0.89375,0.35
0.8,0.88125
0.25,0.2625
0.1,0.6125
0.10625,0.6875
0.8375,0.175
0.69375,0.15625
0.1625,0.28125
0.2625,0.725
0.11875,0.3125
0.5375,0.83125
0.28125,0.1625
0.75,0.19375
0.9125,0.34375
0.66875,0.20625
0.1375,0.2875
0.78125,0.8625
0.375,0.13125
0.3625,0.8
0.74375,0.2125
0.71875,0.85
0.5625,0.94375
0.6625,0.8625
0.29375,0.81875
0.875,0.4875
0.55625,0.96875
0.09375,0.36875
0.1,0.49375
0.2125,0.35
0.825,0.78125
0.64375,0.1125
0.1125,0.325
0.775,0.7375
0.58125,0.1125
0.86875,0.45625
0.9625,0.5125
0.15625,0.18125
0.55,0.18125
0.04375,0.50625
0.36875,0.05625
0.83125,0.30625
0.1125,0.2125
0.075,0.74375
0.45625,0.975
0.39375,0.9625
0.48125,0.1625
0.675,0.95625
0.4125,0.1
0.58125,0.1
0.325,0.2375
0.8125,0.8375
0.24375,0.91875
0.3375,0.88125
0.1625,0.36875
0.05,0.61875
0.20625,0.66875
0.7875,0.63125
0.1125,0.39375
0.91875,0.74375
0.21875,0.70625
0.0875,0.41875
0.10625,0.19375
0.6125,0.025
0.4875,0.9625
0.675,0.84375
0.25,0.8625
0.6125,0.2
0.0875,0.3375
0.525,0.1375
0.86875,0.7125
0.2625,0.9125
0.1125,0.3375
0.6625,0.8
0.90625,0.71875
0.4375,0.175
0.15,0.7875
0.45625,0.90625
0.30625,0.1125
0.03125,0.4375
0.80625,0.78125
0.75,0.70625
0.81875,0.5
0.83125,0.15
0.2125,0.76875
0.3375,0.21875
0.53125,0.85625
0.15625,0.35625
0.5875,0.175
0.74375,0.225
0.2125,0.2125
0.91875,0.69375
0.2875,0.9375
0.19375,0.6875
0.375,0.9
0.73125,0.73125
0.08125,0.75
0.4,0.8
0.8875,0.3
0.3125,0.95625
0.75625,0.11875
0.83125,0.19375
0.61875,0.84375
0.675,0.88125
0.5625,0.9625
0.15,0.83125
0.2,0.6625
0.03125,0.65625
0.83125,0.53125
0.30625,0.9125
0.35625,0.1375
0.75,0.7125
0.89375,0.58125
0.59375,0.09375
0.00625,0.5625
0.8,0.13125
0.4375,0.01875
0.54375,0.0375
0.6875,0.875
0.7625,0.225
0.15,0.45
0.85625,0.80625
0.94375,0.63125
0.3125,0.15625
0.0625,0.69375
0.85,0.69375
0.5,0.175
0.2875,0.7375
0.9125,0.71875
0.78125,0.66875
0.24375,0.2
0.69375,0.05
0.925,0.5125
0.21875,0.66875
0.9375,0.61875
0.84375,0.68125
0.41875,0.93125
0.0625,0.60625
0.64375,0.9375
0.05,0.35625
0.725,0.8
0.60625,0.95
0.775,0.90625
0.29375,0.16875
0.2875,0.26875
0.53125,0.08125
0.48125,0.175
0.80625,0.1375
0.575,0.98125
0.95625,0.6375
0.8875,0.54375
0.8875,0.21875
0.7625,0.9
0.25625,0.93125
0.25,0.9125
0.8375,0.25625
0.60625,0.8375
0.81875,0.5375
0.70625,0.23125
0.18125,0.4875
0.40625,0.0125
0.9375,0.375
0.1625,0.26875
0.9375,0.44375
0.14375,0.51875
0.94375,0.33125
0.1,0.4125
0.0875,0.76875
0.4,0.01875
0.5,0.00625
0.6625,0.03125
0.0875,0.59375
0.95625,0.6125
0.41875,0.8625
0.125,0.625
0.6125,0.95625
0.03125,0.35625
0.5125,0.15
0.69375,0.1
0.9125,0.7
0.16875,0.2125
0.8125,0.125
0.34375,0.19375
0.7875,0.78125
0.05625,0.71875
0.35625,0.79375
0.81875,0.34375
0.1875,0.71875
0.1125,0.74375
0.71875,0.10625
0.55,0.9125
0.1375,0.41875
0.78125,0.74375
0.85625,0.21875
0.79375,0.2875
0.94375,0.43125
0.2875,0.24375
0.375,0.84375
0.80625,0.38125
0.26875,0.14375
0.9625,0.6
0.6625,0.96875
0.90625,0.3375
0.1625,0.2125
0.85625,0.4875
0.425,0.08125
0.05625,0.3625
0.53125,0.86875
0.575,0.93125
0.275,0.175
0.775,0.30625
0.71875,0.06875
0.9375,0.59375
0.20625,0.84375
0.35625,0.95625
0.45,0.8375
0.175,0.3
0.93125,0.5125
0.40625,0.1
0.50625,0.10625
0.125,0.24375
0.85,0.23125
0.71875,0.81875
0.30625,0.11875
0.2625,0.8875
0.00625,0.45
0.4625,0.0375
0.63125,0.95
0.875,0.21875
0.4375,0.0875
0.13125,0.2
0.98125,0.39375
0.55,0.1875
0.15,0.3375
0.90625,0.50625
0.075,0.44375
0.74375,0.7625
0.20625,0.31875
0.875,0.60625
0.6875,0.1375
0.6375,0.875
0.075,0.61875
0.05,0.5125
0.825,0.13125
0.3375,0.94375
0.64375,0.825
0.78125,0.26875
0.96875,0.55
0.625,0.11875
0.13125,0.29375
0.5625,0.1375
0.84375,0.4625
0.625,0.16875
0.1375,0.475
0.4,0.11875
0.625,0.9
0.75,0.93125
0.6625,0.83125
0.25625,0.7125
0.29375,0.94375
0.75625,0.75
0.15,0.6125
0.8125,0.325
0.4,0.93125
0.79375,0.10625
0.8875,0.4375
0.7375,0.8
0.8125,0.31875
0.575,0.175
0.09375,0.24375
0.51875,0.1375
0.49375,0.83125
0.4625,0.8125
0.94375,0.45
0.66875,0.075
0.73125,0.2125
0.85625,0.7625
0.93125,0.7375
0.775,0.6875
0.5875,0.8125
0.81875,0.25
0.89375,0.74375
0.43125,0.0375
0.20625,0.75
0.175,0.61875
0.51875,0.85625
0.9,0.46875
0.84375,0.2125
0.975,0.4
0.48125,0.925
0.78125,0.11875
0.05625,0.36875
0.18125,0.7625
0.55,0.94375
0.16875,0.19375
0.1375,0.21875
0.6875,0.13125
0.41875,0.8875
0.2375,0.24375
0.18125,0.38125
0.025,0.625
0.98125,0.36875
0.775,0.68125
0.21875,0.10625
0.275,0.15625
0.1125,0.46875
0.8,0.15
0.71875,0.175
0.425,0.10625
0.125,0.4625
0.1,0.25625
0.925,0.39375
0.28125,0.8625
0.2,0.10625
0.0125,0.43125
0.91875,0.70625
0.84375,0.65
0.0125,0.4125
0.0625,0.6125
0.35,0.96875
0.525,0.81875
0.74375,0.8625
0.3875,0.0375
0.475,0.08125
0.83125,0.14375
0.09375,0.66875
0.125,0.23125
0.8625,0.8125
0.74375,0.3
0.81875,0.5125
0.425,0.09375
0.45625,0.11875
0.06875,0.31875
0.5125,0.8625
0.61875,0.13125
0.825,0.66875
0.28125,0.7625
0.8625,0.73125
0.2,0.24375
0.19375,0.25
0.99375,0.525
0.75625,0.26875
0.89375,0.64375
0.84375,0.84375
0.66875,0.21875
0.85625,0.15625
0.3,0.925
0.975,0.4875
0.8875,0.25625
0.14375,0.58125
0.275,0.75625
0.78125,0.70625
0.61875,0.80625
0.88125,0.3125
0.6375,0.14375
0.13125,0.3
0.6625,0.15625
0.39375,0.0875
0.725,0.19375
0.725,0.86875
0.7125,0.89375
0.9625,0.34375
0.3375,0.7875
0.8125,0.525
0.15,0.25625
0.85,0.61875
0.125,0.30625
0.81875,0.85
0.53125,0.91875
0.1,0.625
0.46875,0.025
0.8125,0.425
0.025,0.55625
0.19375,0.78125
0.9125,0.50625
0.59375,0.83125
0.71875,0.26875
0.13125,0.425
0.65625,0.8
0.36875,0.05
0.8,0.71875
0.725,0.925
0.4625,0.08125
0.2125,0.63125
0.79375,0.8375
0.21875,0.7625
0.9125,0.64375
0.91875,0.5
0.71875,0.8625
0.1625,0.86875
0.4625,0.0625
0.09375,0.26875
0.075,0.48125
0.6375,0.1375
0.89375,0.35625
0.475,0.95
0.50625,0.09375
0.15,0.61875
0.1,0.43125
0.58125,0.19375
0.8625,0.28125
0.40625,0.975
0.125,0.34375
0.3625,0.19375
0.90625,0.76875
0.6,0.075
0.85625,0.8
0.825,0.73125
0.81875,0.69375
0.79375,0.7375
0.90625,0.38125
0.9,0.23125
0.61875,0.825
0.9,0.69375
0.8625,0.56875
0.625,0.90625
0.58125,0.83125
0.725,0.28125
0.28125,0.775
0.7625,0.85625
0.7,0.79375
0.95,0.39375
0.39375,0.8625
0.25,0.7125
0.675,0.94375
0.025,0.53125
0.28125,0.11875
0.34375,0.2125
0.39375,0.18125
0.1125,0.725
0.14375,0.8125
0.3125,0.2125
0.1375,0.48125
0.9,0.6625
0.3,0.85
0.8125,0.2625
0.76875,0.15
0.9625,0.45
0.18125,0.225
0.88125,0.63125
0.98125,0.61875
0.25,0.90625
0.65,0.95
0.2125,0.7875
0.09375,0.40625
0.125,0.39375
0.76875,0.9125
0.80625,0.1125
0.5,0.98125
0.8,0.8375
0.28125,0.05625
0.69375,0.875
0.7375,0.80625
0.0625,0.38125
0.0875,0.71875
0.16875,0.53125
0.625,0.7875
0.5125,0.85625
0.1125,0.65625
0.85625,0.525
0.83125,0.80625
0.025,0.61875
0.125,0.6375
0.05625,0.51875
0.28125,0.74375
0.19375,0.7125
0.76875,0.6875
0.5625,0.925
0.50625,0.875
0.83125,0.36875
0.75625,0.23125
0.775,0.20625
0.025,0.54375
0.10625,0.375
0.875,0.35625
0.8375,0.31875
0.09375,0.23125
0.03125,0.48125
0.5375,0.95625
0.55625,0.15625
0.53125,0.825
0.11875,0.69375
0.40625,0.8375
0.15625,0.81875
0.18125,0.8
0.15,0.8
0.04375,0.55
0.15625,0.16875
0.825,0.60625
0.45,0.8875
0.85,0.6125
0.64375,0.05
0.88125,0.4875
0.74375,0.14375
0.56875,0.85
0.95,0.34375
0.65,0.11875
0.80625,0.58125
0.8125,0.3625
0.31875,0.85625
0.65625,0.1375
0.2875,0.25
0.95625,0.53125
0.59375,0.93125
0.7375,0.23125
0.625,0.925
0.775,0.34375
0.08125,0.50625
0.11875,0.625
0.0875,0.26875
0.13125,0.26875
0.375,0.875
0.76875,0.90625
0.34375,0.10625
0.95625,0.58125
0.36875,0.16875
0.2375,0.8
0.6125,0.075
0.16875,0.4625
0.6125,0.9625
0.075,0.75625
0.825,0.58125
0.79375,0.2375
0.20625,0.35
0.3,0.76875
0.275,0.1125
0.575,0.85625
0.58125,0.18125
0.26875,0.25
0.4875,0.88125
0.6875,0.85625
0.91875,0.23125
0.13125,0.175
0.25,0.10625
0.225,0.25625
0.10625,0.26875
0.725,0.7875
0.2375,0.8375
0.15,0.7375
0.3875,0.11875
0.125,0.76875
0.5625,0.1
0.175,0.8625
0.89375,0.4875
0.2,0.74375
0.6125,0.03125
0.85,0.1625
0.575,0.025
0.95625,0.3875
0.46875,0.98125
0.08125,0.60625
0.5625,0.14375
0.2375,0.79375
0.4875,0.05625
0.84375,0.75625
0.425,0.03125
0.1875,0.84375
0.4125,0.8375
0.73125,0.85625
0.225,0.69375
0.76875,0.175
0.35625,0.80625
0.55625,0.0875
0.68125,0.1125
0.58125,0.9
0.95625,0.4625
0.6125,0.875
0.70625,0.88125
0.0375,0.625
0.61875,0.125
0.03125,0.3625
0.8125,0.1625
0.3875,0.15
0.08125,0.7625
0.23125,0.8875
0.30625,0.23125
0.31875,0.9
0.80625,0.6875
0.44375,0.14375
0.05625,0.6375
0.75625,0.1375
0.35,0.89375
0.64375,0.2
0.4875,0.16875
0.40625,0.08125
0.64375,0.13125
0.7625,0.76875
0.24375,0.15
0.05,0.5875
0.58125,0.0375
0.1875,0.61875
0.1875,0.7875
0.13125,0.525
0.41875,0.1875
0.06875,0.74375
0.15625,0.4875
0.675,0.8
0.325,0.93125
0.4125,0.84375
0.075,0.73125
0.11875,0.81875
0.20625,0.275
0.15,0.6
0.20625,0.86875
0.6625,0.8375
0.24375,0.2875
0.5125,0.1
0.45625,0.98125
0.4875,0.0875
0.59375,0.94375
0.58125,0.05625
0.9375,0.4375
0.15,0.25
0.79375,0.35
0.75,0.125
0.0375,0.35
0.0375,0.3375
0.74375,0.83125
0.55625,0.9625
0.91875,0.7375
0.81875,0.73125
0.79375,0.1625
0.75625,0.925
0.075,0.4375
0.36875,0.03125
0.65625,0.8625
0.98125,0.525
0.29375,0.9375
0.39375,0.88125
0.14375,0.2
0.65625,0.10625
0.5125,0.0625
0.325,0.19375
0.36875,0.11875
0.475,0.91875
0.84375,0.225
0.20625,0.89375
0.96875,0.4625
0.89375,0.65
0.825,0.65
0.5625,0.15625
0.89375,0.65625
0.225,0.225
0.19375,0.24375
0.23125,0.08125
0.35,0.85
0.8,0.31875
0.8625,0.6875
0.5875,0.1875
0.075,0.3
0.7375,0.125
0.55625,0.1125
0.8125,0.4625
0.1875,0.75
0.9625,0.65625
0.43125,0.04375
0.9125,0.28125
0.65,0.1875
0.425,0.05
0.8375,0.625
0.15,0.48125
0.80625,0.41875
0.5,0.9875
0.65,0.79375
0.83125,0.49375
0.99375,0.55
0.8875,0.725
0.275,0.7875
0.125,0.575
0.7875,0.1875
0.7375,0.21875
0.3375,0.875
0.14375,0.48125
0.1375,0.35625
0.8875,0.19375
0.7125,0.7625
0.66875,0.14375
0.8375,0.3875
0.8625,0.4
0.7,0.8875
0.16875,0.54375
0.45,0.1
0.5875,0.8375
0.68125,0.21875
0.4,0.15625
0.54375,0.09375
0.9875,0.4125
0.1,0.30625
0.88125,0.68125
0.46875,0.875
0.6375,0.84375
0.2375,0.86875
0.25,0.88125
0.70625,0.1625
0.16875,0.2375
0.7125,0.2625
0.11875,0.61875
0.58125,0.85625
0.0625,0.625
0.09375,0.65625
0.86875,0.2
0.34375,0.9375
0.5875,0.90625
0.5375,0.00625
0.15625,0.66875
0.375,0.19375
0.63125,0.1125
0.26875,0.11875
0.44375,0.99375
0.84375,0.675
0.16875,0.18125
0.83125,0.21875
0.85625,0.675
0.1375,0.525
0.4125,0.1875
0.61875,0.03125
0.3375,0.95625
0.7875,0.3
0.3875,0.9
0.4375,0.825
0.06875,0.36875
0.9625,0.375
0.90625,0.425
0.91875,0.575
0.88125,0.81875
0.6125,0.98125
0.83125,0.23125
0.75625,0.75625
0.525,0.8875
0.7875,0.3625
0.8875,0.30625
0.15,0.5125
0.1125,0.425
0.69375,0.24375
0.5,0.925
0.3375,0.9625
0.24375,0.6875
0.8,0.825
0.7375,0.0625
0.6375,0.86875
0.04375,0.6625
0.98125,0.50625
0.08125,0.6
0.6375,0.7875
0.4375,0.075
0.9,0.36875
0.19375,0.8625
0.33125,0.86875
0.8,0.6375
0.1375,0.675
0.6625,0.85
0.75,0.30625
0.9125,0.7625
0.41875,0.16875
0.85,0.25625
0.20625,0.14375
0.84375,0.3875
0.4625,0.975
0.68125,0.7625
0.53125,0.175
0.1125,0.75625
0.1875,0.1375
0.05625,0.70625
0.14375,0.4125
0.51875,0.88125
0.78125,0.14375
0.45,0.025
0.56875,0.0625
0.825,0.79375
0.16875,0.59375
0.975,0.625
0.3125,0.1625
0.85,0.65625
0.71875,0.76875
0.66875,0.93125
0.19375,0.1125
0.1,0.4375
0.9,0.4125
0.70625,0.1125
0.81875,0.28125
0.40625,0.88125
0.6875,0.1
0.08125,0.58125
0.825,0.30625
0.125,0.45
0.11875,0.1875
0.1875,0.4
0.14375,0.6625
0.59375,0.98125
0.8875,0.34375
0.3375,0.0875
0.76875,0.2125
0.25625,0.84375
0.0875,0.225
0.73125,0.8
0.16875,0.825
0.3375,0.8125
0.01875,0.51875
0.24375,0.16875
0.125,0.64375
0.875,0.775
0.7625,0.79375
0.64375,0.14375
0.1,0.2
0.14375,0.2875
0.60625,0.13125
0.85,0.31875
0.96875,0.50625
0.93125,0.6875
0.3,0.2
0.73125,0.8625
0.84375,0.39375
0.29375,0.08125
0.01875,0.425
0.41875,0.1125
0.575,0.05625
0.4625,0.84375
0.875,0.3625
0.80625,0.6625
0.80625,0.25
0.225,0.25
0.2625,0.13125
0.16875,0.28125
0.4875,0.0375
0.75,0.80625
0.7125,0.85
0.66875,0.825
0.14375,0.63125
0.7125,0.75
0.91875,0.3125
0.25,0.2
0.88125,0.35625
0.425,0.18125
0.80625,0.33125
0.25625,0.25625
0.1875,0.4875
0.8125,0.55
0.3875,0.79375
0.3125,0.09375
0.7625,0.23125
0.08125,0.6375
0.2375,0.7
0.13125,0.51875
0.20625,0.76875
0.23125,0.23125
0.33125,0.79375
0.95625,0.6
0.2625,0.06875
0.2375,0.875
0.85,0.44375
0.31875,0.875
0.03125,0.45
0.175,0.35
0.18125,0.48125
0.80625,0.85625
0.34375,0.8625
0.53125,0.00625
0.8,0.35625
0.0875,0.325
0.8625,0.15625
0.8375,0.7625
0.8625,0.59375
0.94375,0.46875
0.2,0.6875
0.60625,0.06875
0.88125,0.50625
0.09375,0.34375
0.06875,0.3875
0.83125,0.75
0.81875,0.5625
0.225,0.84375
0.7375,0.775
0.7625,0.74375
0.1,0.23125
0.3875,0.18125
0.4,0.18125
0.55,0.15625
0.3625,0.95625
0.31875,0.78125
0.0875,0.7
0.05625,0.5375
0.8625,0.475
0.025,0.4
0.1875,0.54375
0.0375,0.6875
0.84375,0.63125
0.7375,0.2875
0.13125,0.18125
0.075,0.26875
0.775,0.7875
0.6375,0.975
0.35625,0.11875
0.10625,0.8
0.3625,0.925
0.04375,0.5875
0.2125,0.69375
0.175,0.38125
0.0375,0.375
0.16875,0.33125
0.11875,0.2375
0.91875,0.45
0.6,0.19375
0.15625,0.275
0.68125,0.1375
0.1875,0.1625
0.14375,0.3125
0.125,0.775
0.26875,0.8625
0.175,0.3875
0.25,0.30625
0.775,0.1125
0.175,0.34375
0.7625,0.1125
0.1875,0.2
0.375,0.96875
0.88125,0.55625
0.1375,0.15625
0.4875,0.975
0.03125,0.65
0.74375,0.2625
0.0125,0.45
0.8875,0.25
0.13125,0.45625
0.35,0.8375
0.25,0.76875
0.2625,0.28125
0.95,0.63125
0.475,0.0875
0.84375,0.4875
0.2375,0.91875
0.9125,0.63125
0.05625,0.54375
0.875,0.70625
0.8125,0.13125
0.16875,0.575
0.85,0.16875
0.4125,0.09375
0.80625,0.3125
0.825,0.5875
0.75,0.08125
0.2375,0.19375
0.78125,0.3125
0.725,0.24375
0.24375,0.10625
0.84375,0.575
0.9,0.775
0.38125,0.89375
0.34375,0.04375
0.15,0.20625
0.5,0.86875
0.75,0.18125
0.825,0.51875
0.39375,0.825
0.21875,0.35625
0.45,0.85
0.7125,0.9375
0.65,0.78125
0.825,0.325
0.34375,0.9625
0.7375,0.1375
0.29375,0.0875
0.69375,0.88125
0.96875,0.58125
0.58125,0.15625
0.25625,0.08125
0.40625,0.85
0.125,0.7625
0.275,0.7625
0.9625,0.4375
0.625,0.86875
0.9125,0.56875
0.89375,0.60625
0.30625,0.20625
0.93125,0.51875
0.06875,0.51875
0.1625,0.65625
0.50625,0.81875
0.175,0.40625
0.425,0.9125
0.7875,0.175
0.1,0.76875
0.38125,0.90625
0.24375,0.2375
0.975,0.5875
0.24375,0.29375
0.55,0.98125
0.1125,0.575
0.01875,0.6125
0.79375,0.66875
0.58125,0.025
0.09375,0.375
0.2875,0.90625
0.6,0.84375
0.6875,0.95
0.0125,0.54375
0.18125,0.375
0.18125,0.88125
0.1,0.38125
0.88125,0.54375
0.81875,0.61875
0.125,0.275
0.375,0.15
0.26875,0.83125
0.1375,0.34375
0.03125,0.5
0.88125,0.71875
0.71875,0.23125
0.9375,0.65
0.24375,0.825
0.28125,0.2
0.85,0.19375
0.975,0.6125
0.9125,0.45
0.53125,0.125
0.19375,0.68125
0.24375,0.075
0.09375,0.44375
0.0375,0.4125
0.43125,0.9875
0.01875,0.53125
0.31875,0.1875
0.89375,0.25
0.1875,0.675
0.8625,0.81875
0.0625,0.34375
0.81875,0.15
0.825,0.3625
0.85,0.54375
0.575,0.18125
0.46875,0.9125
0.1,0.65
0.60625,0.125
0.81875,0.35
0.3875,0.05
0.175,0.25625
0.125,0.5125
0.55,0.04375
0.04375,0.4125
0.84375,0.375
0.825,0.7125
0.15625,0.70625
0.2625,0.88125
0.9875,0.4875
0.90625,0.5
0.34375,0.95625
0.69375,0.10625
0.51875,0.09375
0.1,0.575
0.425,0.9875
0.875,0.325
0.31875,0.21875
0.15625,0.6375
0.5125,0.08125
0.08125,0.71875
0.69375,0.95625
0.11875,0.4625
0.50625,0.18125
0.8875,0.70625
0.74375,0.925
0.9375,0.40625
0.1875,0.24375
0.425,0.88125
0.0875,0.48125
0.425,0.0125
0.9375,0.3125
0.39375,0.15
0.525,0.16875
0.5875,0.0625
0.13125,0.70625
0.43125,0.05625
0.825,0.56875
0.55,0.0125
0.85,0.5125
0.5125,0.9625
0.925,0.25625
0.18125,0.4125
0.84375,0.25625
0.9625,0.48125
0.31875,0.05
0.26875,0.20625
0.125,0.26875
0.55,0.85625
0.58125,0.825
0.975,0.35
0.24375,0.9
0.7,0.2125
0.975,0.475
0.19375,0.6625
0.825,0.2375
0.6375,0.94375
0.9625,0.50625
0.9125,0.2625
0.43125,0.09375
0.4625,0.1375
0.7375,0.88125
0.8375,0.41875
0.74375,0.70625
0.7625,0.075
0.76875,0.1875
0.85625,0.2125
0.21875,0.84375
0.175,0.45
0.1375,0.24375
0.675,0.825
0.125,0.36875
0.275,0.20625
0.66875,0.925
0.10625,0.35625
0.4,0.8375
0.78125,0.325
0.475,0.875
0.325,0.13125
0.9125,0.6125
0.95625,0.4125
0.7,0.13125
0.2,0.59375
0.84375,0.79375
0.91875,0.26875
0.0875,0.65
0.6875,0.83125
0.15,0.575
0.06875,0.43125
0.34375,0.16875
0.71875,0.2625
0.66875,0.1
0.1875,0.825
0.95,0.375
0.09375,0.30625
0.3125,0.1125
0.19375,0.7625
0.18125,0.61875
0.1125,0.5125
0.225,0.325
0.08125,0.44375
0.08125,0.43125
0.31875,0.8625
0.025,0.39375
0.975,0.4125
0.84375,0.725
0.89375,0.7875
0.16875,0.1625
0.3375,0.16875
0.23125,0.8375
0.38125,0.08125
0.95,0.48125
0.2125,0.81875
0.5625,0.86875
0.45625,0.8125
0.425,0.1625
0.7,0.1375
0.375,0.91875
0.04375,0.30625
0.5875,0.96875
0.8375,0.74375
0.775,0.175
0.79375,0.8625
0.75,0.29375
0.50625,0.91875
0.89375,0.29375
0.2875,0.9
0.8875,0.48125
0.44375,0.89375
0.83125,0.4375
0.8125,0.3125
0.74375,0.25625
0.125,0.825
0.675,0.15625
0.8875,0.675
0.49375,0.15625
0.775,0.71875
0.90625,0.28125
0.85,0.29375
0.13125,0.65
0.73125,0.21875
0.78125,0.125
0.25,0.74375
0.2625,0.10625
0.20625,0.2375
0.56875,0.00625
0.075,0.2875
0.175,0.86875
0.075,0.375
0.19375,0.825
0.025,0.5625
0.68125,0.20625
0.90625,0.21875
0.91875,0.40625
0.34375,0.1875
0.6125,0.10625
0.21875,0.825
0.8625,0.69375
0.93125,0.59375
0.4,0.94375
0.9875,0.45
0.55625,0.00625
0.93125,0.3375
0.35,0.075
0.725,0.20625
0.425,0.8875
0.09375,0.78125
0.44375,0.95
0.5125,0.05
0.35,0.19375
0.3625,0.1125
0.9,0.4375
0.525,0.85625
0.36875,0.96875
0.9375,0.575
0.6375,0.9125
0.7375,0.925
0.4125,0.08125
0.71875,0.88125
0.275,0.86875
0.5875,0.125
0.2875,0.1625
0.05,0.325
0.0875,0.5
0.175,0.28125
0.78125,0.30625
0.0875,0.3
0.04375,0.425
0.2375,0.075
0.1375,0.4
0.39375,0.175
0.75,0.06875
0.725,0.23125
0.79375,0.36875
0.2875,0.7875
0.38125,0.2
0.525,0.975
0.13125,0.50625
0.2375,0.78125
0.13125,0.58125
0.175,0.14375
0.91875,0.65
0.88125,0.5375
0.20625,0.21875
0.21875,0.6375
0.2125,0.25
0.8875,0.51875
0.0625,0.425
0.5,0.06875
0.53125,0.875
0.15,0.54375
0.09375,0.3125
